Titel,Autor,Datum,Domain,Kategorie,WÃ¶rter,Account,Status,URL,Abstract
GenAI Pinnacle Plus Program,unbekannt,"Wed, 25 Fe",www.analyticsvidhya.com,"platform-capitalism, ai-labor, cloud-sovereignty, surveillance, tech-policy, big-tech-power",6716,AI,success,https://www.analyticsvidhya.com/pinnacleplus/,"What to Expect
Curriculum
Instructors
Fees
Testimonials
Enroll Now
20% off
1
Basic Info
2
Additional Info
Full Name
Phone Number
Email Id
I Agree to the
terms & conditions
Send WhatsApp Updates
GenAI
Pinnacle Plus
Program
Industry-Focused Learning : Master GenAI and Agentic AI
1:1 Mentorship with Generative AI experts
Advanced Curriculum with 200+ Hours of Learning
Master 26+ GenAI Tools and Libraries
300+
Hours of Immersive Learning
100%
Placement Assistance
30+
Hours of Live Workshops Quarterl"
GenAI Pinnacle Plus Program,unbekannt,"Wed, 25 Fe",mwwunllqkad.c.mmtrkr.com,"platform-capitalism, ai-labor, cloud-sovereignty, surveillance, tech-policy, big-tech-power",6716,AI,success,https://mwwunllqkad.c.mmtrkr.com/clicks/html/daec9227-cb79-5501-aa77-cdb4044ca382/a4c3358f-d485-56a4-ae41-39db9aac9a09/cfda505b-f84d-55a7-a466-932c5754096e?urlChildId=3097d3e1-30e2-541c-873e-d8e39d001308&templateId=bb4bcb32-9680-498f-a8a4-c78e6c016d0f,"What to Expect
Curriculum
Instructors
Fees
Testimonials
Enroll Now
20% off
1
Basic Info
2
Additional Info
Full Name
Phone Number
Email Id
I Agree to the
terms & conditions
Send WhatsApp Updates
GenAI
Pinnacle Plus
Program
Industry-Focused Learning : Master GenAI and Agentic AI
1:1 Mentorship with Generative AI experts
Advanced Curriculum with 200+ Hours of Learning
Master 26+ GenAI Tools and Libraries
300+
Hours of Immersive Learning
100%
Placement Assistance
30+
Hours of Live Workshops Quarterl"
Document,unbekannt,"Wed, 25 Fe",mwwunllqkad.c.mmtrkr.com,ai-labor,102,AI,success,https://mwwunllqkad.c.mmtrkr.com/clicks/honey-link/html/daec9227-cb79-5501-aa77-cdb4044ca382/a4c3358f-d485-56a4-ae41-39db9aac9a09,"Disclaimer -
This email was created and sent using Mailmodo. For issues, contact
reportabuse@mailmodo.com
.
The Power of Interactive Emails
Interactive emails let users take actions-like filling forms, booking appointments, or making purchases-directly within the email. This boosts engagement and simplifies user experience by eliminating the need for external links.
Why They Matter:
Direct Engagement
: Users act within the inbox, making interactions smoother.
Higher Conversions
: Less friction l"
